{"mdsDat": {"x": [-0.11797496480548138, 0.07496205821372702, 0.04301290659175438], "y": [-0.016677947256885595, -0.08403813847485171, 0.10071608573173732], "topics": [1, 2, 3], "cluster": [1, 1, 1], "Freq": [45.98157320563397, 33.32768561147832, 20.690741182887702]}, "tinfo": {"Term": ["\ubbfc\uad6d\uc774", "\ub9cc\uc138", "\uadc0\uc5ec\uc6cc", "\uc30d\ub465\uc774", "\uc624\ub808", "\uadc0\uc5fd\ub2e4", "\ubbfc\uad6d", "\uc774\ub77c\ub294", "\uc218\uc6d0", "\uc1a1\uc77c\uad6d", "\uad11\uace0", "\ub300\ud55c", "\uc601\uc0c1", "\uc88b\uc740", "\ub300\ub2f5", "\uc0ac\ub78c", "\ub098\uc774", "\ubb38\ud76c", "\ub300\ud55c\ubbfc\uad6d", "\uc544\ube60", "\uadc0\uc5fd", "\uc5d0\uc11c\ub294", "\uc560\uad50", "\uac19\ub124\ub77c\uace0", "\ub0a8\uc790", "\ucd08\ub529", "\uc560\uae30", "\uc778\uc815", "\ub300\ub2e8\ud558\ub2e4", "\uc120\uc0dd\ub2d8", "\uc624\ub808", "\ubbfc\uad6d", "\uc218\uc6d0", "\ubb38\ud76c", "\uc5ed\uc2dc", "\uc5b4\ub9b4", "\ub808\uc624", "\ub098\ub3c4", "\ub204\ub098", "\uc6b8\uc5b4", "\ube45\ubc84\ub4dc", "\uacf5\uc5f0", "\uc120\uc0dd\ub2d8", "\uc18c\ub9ac", "\ub5a8\uc5b4\uc9c0\uae30", "\uc778\uc0c1", "\uc6b8\uc74c", "\uc774\ud0c4", "\ub9d0\uc500", "\uc545\uc5b4", "\uc0ac\ub791", "\uc88b\uc544\ud558\ub294\uad6c\ub098", "\uc5fc\uae30\ud6c8", "\ud574\ub098", "\uc2dc\ucd95", "\uc560\uae30", "\ub9cc\uc138", "\uc2eb\uc5b4\uc11c", "\ubc1c\uacac", "\uc88b\uc544\ud568", "\ud45c\uc815", "\ud654\uc774\ud305", "\uc5c4\ub9c8", "\uc1a1\uc77c\uad6d", "\ub300\ud55c", "\uc288\ub3cc", "\ubd80\ubaa8\ub2d8", "\ub300\ud55c\ubbfc\uad6d\ub9cc\uc138", "\uc544\ube60", "\uc0ac\uacfc", "\ud2f0\ube44", "\ubbfc\uad6d\uc774", "\uc6b0\ub294\uac70", "\ucd5c\uace0", "\uadc0\uc5fd", "\uc30d\ub465\uc774", "\uadc0\uc5ec\uc6cc", "\uc560\uad50", "\uadc0\uc5fd\ub2e4", "\uace0\uc0dd", "\uc5b8\ub2c8", "\ubbfc\uad6d\uc774", "\ud53c\uc544\ub178", "\ud0a4\uc988", "\ubd95\ub300", "\uc774\uc720", "\uc6c3\uaca8", "\ubc30\uc6b0", "\ub3d9\ud654", "\uc2e0\ubc1c", "\uc218\uac74", "\ub450\ub974\ub294\uac70", "\ucf00\ud398", "\ubcf4\uace0\uc2f6\ub2e4", "\uadc0\uc5ec\uc6e1", "\ubcfc\ub54c", "\uc874\uadc0", "\uc190\ubaa9", "\ubaa9\uc18c\ub9ac", "\ub300\ubc15", "\ub320\ubc0d", "\uadc0\uc5fd\ub2f9", "\uc785\ud559", "\ub538\ub3c4", "\ub300\ud55c\ubbfc\uad6d", "\uadc0\uc5ec\uc6cc\uc694", "\uc544\ube60", "\ub300\ud55c", "\uc720\ubaa8\ucc28", "\ub300\ud55c\ubbfc\uad6d\ub9cc\uc138", "\ub3d9\uc0dd", "\uc544\ub4e4", "\uc88b\uc544", "\uc88b\ub2e4", "\uc6b0\ub9ac", "\ub9cc\uc138", "\uc0dd\uac01", "\uc1a1\uc77c\uad6d", "\uc601\uc0c1", "\uc774\ub77c\ub294", "\uad11\uace0", "\uc88b\uc740", "\ub300\ub2f5", "\uc5d0\uc11c\ub294", "\uac19\ub124\ub77c\uace0", "\ub0a8\uc790", "\ucd08\ub529", "\uac1c\ub150", "\ucd08\ub4f1\ud559\uc0dd", "\uc624\ub0a8\ub9e4", "\uc6b0\ub9ac\uc5c4\ub9c8", "\ud504\ub791\uc2a4", "\uadc0\uc5ec\uc6b4\ub4ef", "\uc0ac\ub791\uc2a4\ub7f0", "\uc5d1\uc18c", "\uc36c\ub354", "\uc2dc\ud55c", "\ubc15\ub825", "\uc2ec\uc7a5", "\ub300\uc724", "\ub2e4\ub9ac", "\uaebc\ub0c4", "\ud63c\uc790", "\uc0ac\ub78c", "\ub098\uc774", "\uc778\uc815", "\ucc3e\uc544\ubd10\ub3c4", "\ub9c1\ud06c", "\ucd08\ub4f1\uc0dd", "\ub300\ub2e8\ud558\ub2e4", "\uc601\uc0c1", "\uc138\uc0c1", "\uc1a1\uc77c\uad6d", "\uc6c3\uae30", "\uc0dd\uac01", "\ub300\ud55c", "\uc790\ub3d9\ucc28", "\uc131\uaca9"], "Freq": [24.0, 49.0, 13.0, 11.0, 13.0, 8.0, 10.0, 3.0, 8.0, 19.0, 3.0, 23.0, 5.0, 2.0, 2.0, 3.0, 3.0, 6.0, 5.0, 14.0, 3.0, 2.0, 3.0, 2.0, 2.0, 2.0, 8.0, 2.0, 2.0, 7.0, 12.742450427816392, 9.966265021350923, 8.570729706669932, 5.790607226418525, 4.406194598166316, 3.016061620244569, 3.0142021691754803, 3.014020605990649, 3.0134381986258654, 3.0125326013964338, 3.011713718152425, 3.0110590183179173, 6.500490066293883, 2.3195294060823235, 2.319470795563391, 2.319323252364313, 2.3191664646038883, 2.318968446099862, 2.318852334409359, 2.3189606806683316, 6.931381289315131, 2.3178213809280783, 2.317211609661711, 2.3163858854423065, 2.315286891989521, 7.56441113246344, 41.55537709749983, 1.623980813247268, 1.623768188336315, 1.6236644643580154, 2.654260181114645, 2.9927189179552633, 4.447579171269262, 10.384163568074365, 9.824091803066903, 3.7712892184121762, 3.0359629421272976, 5.063964366605732, 4.93592312435977, 3.067539220533604, 3.067465079151611, 3.597854961263742, 2.3353536915203383, 2.327472333190612, 3.282161941534138, 10.43082119086484, 11.48812360746687, 3.230523281429733, 7.542237625545701, 2.6663250816235466, 2.6551424721702617, 20.617611003909815, 2.05326759184527, 2.0527015330487948, 2.0516609443758234, 2.050560319163832, 2.0498629304382505, 2.04712697958862, 2.0468322913089207, 1.4370530913834316, 1.4369235035860377, 1.4367866792415298, 1.4367965959912787, 1.4367728761979606, 1.4367567949821516, 1.4365891483073432, 1.436243134147187, 1.436156697612214, 1.4361522752778664, 1.4360500255473478, 1.4360683849353963, 1.4358545047651372, 1.4355431992291021, 1.4353838611824619, 3.9087153236598184, 2.6737527271854407, 8.614129457170142, 12.62093269269722, 3.0066518517885017, 7.45055271777304, 2.0809294271987837, 2.25854163144397, 2.053400797916221, 2.0502160471353887, 2.6326317182606203, 7.958851003305712, 2.0291739102595003, 3.2573306681832643, 2.047002082145837, 3.3548005414474087, 2.8251041605764224, 2.2452009530665404, 2.209342642255246, 1.7662986044235065, 1.762018276689612, 1.7611623442582967, 1.7580419513958443, 1.2365616233361045, 1.2365473966209262, 1.2365325875255944, 1.2362107808922032, 1.2360479640407176, 1.2360170146954172, 1.2359768304648258, 1.2358682581647804, 1.2356774038687621, 1.2357002830890782, 1.2345920968541326, 1.2333848227959274, 1.2325278919986347, 1.2308119504749298, 1.2305408109148932, 1.543054320999408, 2.3073449089088873, 2.3067567049538527, 1.7936937668441408, 0.7065442678033746, 0.7065431030430677, 0.7065389431848283, 1.7667124271211505, 2.6812424519325972, 1.7580535989989143, 6.253994772363427, 1.6343325927950698, 1.256309135975308, 1.2748759144518729, 1.2458037467806533, 1.2410825572705593],